Name,Email
Lais,lais@mail.com
Alex,alex@mail.com
Tina,tina@mail.com
Chris,chris@mail.com
Danny,danny@mail.com
Rita,rita@mail.com
